Rank,Name,Current Players,Peak Players,Hours Played,Genre,Price,Discount,Review Sentiment,Developer,Publisher,Release Date,Total Reviews,Review Sentiment (%),Hours Played (millions),Current Players (thousands),Action,Adventure,Animation & Modeling,Audio Production,Casual,Design & Illustration,Early Access,Education,Free To Play,Game Development,Indie,Massively Multiplayer,Photo Editing,RPG,Racing,Simulation,Software Training,Sports,Strategy,Utilities,Video Production
1.0,Counter-Strike 2,1479726,1525073,616532103,"Action,Free To Play",24.62,-81,"81% of the 55,109 user reviews in the last 30 days are positive.",Valve,Valve,2012-08-21,55109,81.0,616.532103,1479.726,1,0,0,0,0,0,0,0,1,0,0,0,0,0,0,0,0,0,0,0,0
2.0,PUBG: BATTLEGROUNDS,681835,796001,229543331,"Action,Adventure,Massively Multiplayer,Free To Play",0.0,0,"70% of the 17,065 user reviews in the last 30 days are positive.",PUBG Corporation,"KRAFTON, Inc.",2017-12-21,17065,70.0,229.543331,681.835,1,1,0,0,0,0,0,0,1,0,0,1,0,0,0,0,0,0,0,0,0
3.0,Dota 2,665984,797599,328672133,"Action,Strategy,Free To Play",24.62,-81,"80% of the 34,192 user reviews in the last 30 days are positive.",Valve,ValveFranchise:Dota,2013-07-09,34192,80.0,328.672133,665.984,1,0,0,0,0,0,0,0,1,0,0,0,0,0,0,0,0,0,1,0,0
4.0,NARAKA: BLADEPOINT,227427,330690,72684992,"Action,Adventure,Massively Multiplayer",0.0,0,"71% of the 4,526 user reviews in the last 30 days are positive.",24 Entertainment,NetEase Games Global,2021-08-11,4526,71.0,72.684992,227.427,1,1,0,0,0,0,0,0,0,0,0,1,0,0,0,0,0,0,0,0,0
5.0,Grand Theft Auto V,173567,186241,72254303,"Action,Adventure",14.98,-63,"91% of the 16,094 user reviews in the last 30 days are positive.",Rockstar North,Rockstar GamesFranchise:Grand Theft Auto,2015-04-14,16094,91.0,72.254303,173.567,1,1,0,0,0,0,0,0,0,0,0,0,0,0,0,0,0,0,0,0,0
6.0,Apex Legends,169758,225795,65760536,"Action,Adventure,Free To Play",0.0,0,"40% of the 12,913 user reviews in the last 30 days are positive.",Respawn,Electronic ArtsFranchise:Apex Legends,2020-11-04,12913,40.0,65.760536,169.758,1,1,0,0,0,0,0,0,1,0,0,0,0,0,0,0,0,0,0,0,0
8.0,Banana,124621,483731,219104471,"Adventure,Casual,Simulation,Strategy,Free To Play",0.0,0,"84% of the 23,133 user reviews in the last 30 days are positive.","Sky,AestheticSpartan,O'Brian",Sky,2024-04-23,23133,84.0,219.104471,124.621,0,1,0,0,1,0,0,0,1,0,0,0,0,0,0,1,0,0,1,0,0
9.0,Call of Duty®,123972,313313,122327361,Action,99.99,0,"65% of the 18,093 user reviews in the last 30 days are positive.","Treyarch,Raven Software,Beenox,High Moon Studios,Activision Shanghai,Sledgehammer Games,Infinity Ward,Demonware,Toys for Bob","ActivisionFranchise:Call of Duty,Modern Warfare,Modern Warfare II,Modern Warfare III,Black Ops",2022-10-27,18093,65.0,122.327361,123.972,1,0,0,0,0,0,0,0,0,0,0,0,0,0,0,0,0,0,0,0,0
10.0,Rust,121846,182603,68766991,"Action,Adventure,Indie,Massively Multiplayer,RPG",23.99,-40,"90% of the 15,381 user reviews in the last 30 days are positive.",Facepunch Studios,Facepunch Studios,2018-02-08,15381,90.0,68.766991,121.846,1,1,0,0,0,0,0,0,0,0,1,1,0,1,0,0,0,0,0,0,0
11.0,Stardew Valley,103450,115955,44822094,"Indie,RPG,Simulation",10.49,-30,"99% of the 28,302 user reviews in the last 30 days are positive.",ConcernedApe,ConcernedApe,2016-02-26,28302,99.0,44.822094,103.45,0,0,0,0,0,0,0,0,0,0,1,0,0,1,0,1,0,0,0,0,0
12.0,War Thunder,87823,111810,45135005,"Action,Massively Multiplayer,Simulation,Free To Play",53.99,-40,"80% of the 13,179 user reviews in the last 30 days are positive.",Gaijin Entertainment,Gaijin Network Ltd,2013-08-15,13179,80.0,45.135005,87.823,1,0,0,0,0,0,0,0,1,0,0,1,0,0,0,1,0,0,0,0,0
13.0,Monster Hunter: World,80634,104488,31228653,Action,9.89,-67,"92% of the 4,201 user reviews in the last 30 days are positive.","CAPCOM Co., Ltd.","CAPCOM Co., Ltd.Franchise:Monster Hunter",2018-08-08,4201,92.0,31.228653,80.634,1,0,0,0,0,0,0,0,0,0,0,0,0,0,0,0,0,0,0,0,0
14.0,Black Myth: Wukong,71347,126159,29559023,"Action,Adventure,RPG",59.99,0,"98% of the 45,771 user reviews in the last 30 days are positive.",Game Science,Game Science,2024-08-19,45771,98.0,29.559023,71.347,1,1,0,0,0,0,0,0,0,0,0,0,0,1,0,0,0,0,0,0,0
15.0,EA SPORTS FC 25,70709,74100,27918198,"Simulation,Sports",34.99,-50,"48% of the 9,377 user reviews in the last 30 days are positive.",EA Canada & EA Romania,Electronic ArtsFranchise:EA Sports,2024-09-26,9377,48.0,27.918198,70.709,0,0,0,0,0,0,0,0,0,0,0,0,0,0,0,1,0,1,0,0,0
16.0,THRONE AND LIBERTY,66429,170082,63016767,"Action,Adventure,Massively Multiplayer,RPG,Free To Play",0.0,0,"73% of the 8,676 user reviews in the last 30 days are positive.",NCSOFT,Amazon Games,2024-10-01,8676,73.0,63.016767,66.429,1,1,0,0,0,0,0,0,1,0,0,1,0,1,0,0,0,0,0,0,0
17.0,Warframe,64004,76455,34571432,"Action,RPG,Free To Play",2.99,-40,"89% of the 3,807 user reviews in the last 30 days are positive.",Digital Extremes,Digital Extremes,2013-03-25,3807,89.0,34.571432,64.004,1,0,0,0,0,0,0,0,1,0,0,0,0,1,0,0,0,0,0,0,0
18.0,Don't Starve Together,63342,73568,22779062,"Action,Adventure,Indie,RPG,Simulation,Strategy",5.09,-66,"94% of the 5,946 user reviews in the last 30 days are positive.",Klei Entertainment,Klei EntertainmentFranchise:Klei Entertainment,2016-04-21,5946,94.0,22.779062,63.342,1,1,0,0,0,0,0,0,0,0,1,0,0,1,0,1,0,0,1,0,0
19.0,Hearts of Iron IV,62559,93196,29664922,"Simulation,Strategy",14.99,-70,"92% of the 5,145 user reviews in the last 30 days are positive.",Paradox Development Studio,Paradox InteractiveFranchise:Hearts of Iron,2016-06-06,5145,92.0,29.664922,62.559,0,0,0,0,0,0,0,0,0,0,0,0,0,0,0,1,0,0,1,0,0
20.0,Baldur's Gate 3,60782,107086,42147293,"Adventure,RPG,Strategy",47.99,-20,"97% of the 15,070 user reviews in the last 30 days are positive.",Larian Studios,Larian StudiosFranchise:Baldur's Gate,2020-10-06,15070,97.0,42.147293,60.782,0,1,0,0,0,0,0,0,0,0,0,0,0,1,0,0,0,0,1,0,0
21.0,Sid Meier's Civilization VI,57381,68417,29948634,Strategy,5.99,-90,"90% of the 2,010 user reviews in the last 30 days are positive.","Firaxis Games,Aspyr (Mac),Aspyr (Linux)","2K,Aspyr (Mac),Aspyr (Linux)Franchise:Sid Meier's Civilization",2016-10-20,2010,90.0,29.948634,57.381,0,0,0,0,0,0,0,0,0,0,0,0,0,0,0,0,0,0,1,0,0
22.0,Once Human,56554,84138,32024678,"Action,Adventure,RPG,Simulation,Strategy,Free To Play",0.0,0,"80% of the 9,659 user reviews in the last 30 days are positive.",Starry Studio,Starry Studio,2024-07-09,9659,80.0,32.024678,56.554,1,1,0,0,0,0,0,0,1,0,0,0,0,1,0,1,0,0,1,0,0
23.0,Team Fortress 2,54950,66835,37188663,"Action,Free To Play",1.99,-90,"95% of the 8,302 user reviews in the last 30 days are positive.",Valve,Valve,2007-10-10,8302,95.0,37.188663,54.95,1,0,0,0,0,0,0,0,1,0,0,0,0,0,0,0,0,0,0,0,0
24.0,Crosshair X,53859,70742,30387958,"Action,Adventure,Indie,Animation & Modeling,Design & Illustration,Education,Photo Editing,Utilities,Game Development",5.59,-30,"94% of the 1,369 user reviews in the last 30 days are positive.",CenterPoint Gaming,CenterPoint Gaming,2020-06-01,1369,94.0,30.387958,53.859,1,1,1,0,0,1,0,1,0,1,1,0,1,0,0,0,0,0,0,1,0
25.0,Football Manager 2024,53666,68628,31939679,"Simulation,Sports,Strategy",23.99,-60,93% of the 361 user reviews in the last 30 days are positive.,Sports Interactive,SEGA,2023-11-06,361,93.0,31.939679,53.666,0,0,0,0,0,0,0,0,0,0,0,0,0,0,0,1,0,1,1,0,0
26.0,Farming Simulator 25,51297,135883,18821036,Simulation,79.78,0,"78% of the 11,018 user reviews for this game are positive.",Giants Software,Giants SoftwareFranchise:Farming Simulator,2024-11-12,11018,78.0,18.821036,51.297,0,0,0,0,0,0,0,0,0,0,0,0,0,0,0,1,0,0,0,0,0
27.0,Spacewar,48713,62682,23306318,"Indie,Strategy",9.99,-50,81% of the 214 user reviews for this game are positive.,SilverForge,SilverForge,2021-05-04,214,81.0,23.306318,48.713,0,0,0,0,0,0,0,0,0,0,1,0,0,0,0,0,0,0,1,0,0
28.0,Terraria,46712,46712,15917544,"Action,Adventure,Indie,RPG",4.99,-50,"95% of the 7,644 user reviews in the last 30 days are positive.",Re-Logic,Re-Logic,2011-05-16,7644,95.0,15.917544,46.712,1,1,0,0,0,0,0,0,0,0,1,0,0,1,0,0,0,0,0,0,0
29.0,Left 4 Dead 2,45533,71531,22223376,Action,1.99,-80,"97% of the 15,882 user reviews in the last 30 days are positive.",Valve,Valve,2009-11-16,15882,97.0,22.223376,45.533,1,0,0,0,0,0,0,0,0,0,0,0,0,0,0,0,0,0,0,0,0
30.0,Tom Clancy's Rainbow Six Siege,44746,59030,26059011,Action,7.99,-60,"79% of the 6,589 user reviews in the last 30 days are positive.",Ubisoft Montreal,UbisoftFranchise:Rainbow 6 Franchise,2015-12-01,6589,79.0,26.059011,44.746,1,0,0,0,0,0,0,0,0,0,0,0,0,0,0,0,0,0,0,0,0
31.0,Dead by Daylight,43634,68157,28279435,Action,7.99,-60,"86% of the 5,912 user reviews in the last 30 days are positive.",Behaviour Interactive Inc.,Behaviour Interactive Inc.Franchise:Dead by Daylight,2016-06-14,5912,86.0,28.279435,43.634,1,0,0,0,0,0,0,0,0,0,0,0,0,0,0,0,0,0,0,0,0
32.0,Factorio,43598,112738,40285009,"Casual,Indie,Simulation,Strategy",0.0,0,"98% of the 6,139 user reviews in the last 30 days are positive.",Wube Software LTD.,Wube Software LTD.,2020-08-14,6139,98.0,40.285009,43.598,0,0,0,0,1,0,0,0,0,0,1,0,0,0,0,1,0,0,1,0,0
33.0,Cyberpunk 2077,43225,51218,20318964,RPG,26.99,-55,"94% of the 7,522 user reviews in the last 30 days are positive.",CD PROJEKT RED,CD PROJEKT RED,2020-12-09,7522,94.0,20.318964,43.225,0,0,0,0,0,0,0,0,0,0,0,0,0,1,0,0,0,0,0,0,0
34.0,Overwatch® 2,43010,56607,23344554,"Action,Free To Play",0.0,0,"44% of the 7,569 user reviews in the last 30 days are positive.","Blizzard Entertainment, Inc.","Blizzard Entertainment, Inc.Franchise:Overwatch",2023-08-10,7569,44.0,23.344554,43.01,1,0,0,0,0,0,0,0,1,0,0,0,0,0,0,0,0,0,0,0,0
35.0,VRChat,41882,52932,24170965,"Adventure,Casual,Massively Multiplayer,Simulation,Sports,Free To Play,Early Access",0.0,0,"82% of the 2,743 user reviews in the last 30 days are positive.",VRChat Inc.,VRChat Inc.,2017-02-01,2743,82.0,24.170965,41.882,0,1,0,0,1,0,1,0,1,0,0,1,0,0,0,1,0,1,0,0,0
36.0,Red Dead Redemption 2,41619,44166,18207021,"Action,Adventure",19.79,-67,"93% of the 8,816 user reviews in the last 30 days are positive.",Rockstar Games,Rockstar GamesFranchise:Red Dead Redemption,2019-12-05,8816,93.0,18.207021,41.619,1,1,0,0,0,0,0,0,0,0,0,0,0,0,0,0,0,0,0,0,0
37.0,tModLoader,41144,42304,17182095,"Action,Adventure,Indie,RPG,Free To Play",0.0,0,"97% of the 6,925 user reviews in the last 30 days are positive.",TML Team,"Re-Logic,TML Team",2020-05-16,6925,97.0,17.182095,41.144,1,1,0,0,0,0,0,0,1,0,1,0,0,1,0,0,0,0,0,0,0
38.0,The Binding of Isaac: Rebirth,40086,49231,16936187,Action,9.89,-34,"95% of the 7,932 user reviews in the last 30 days are positive.","Nicalis, Inc.,Edmund McMillen","Nicalis, Inc.Franchise:Binding of Isaac",2014-11-04,7932,95.0,16.936187,40.086,1,0,0,0,0,0,0,0,0,0,0,0,0,0,0,0,0,0,0,0,0
39.0,S.T.A.L.K.E.R. 2: Heart of Chornobyl,39657,120960,10974868,"Action,Adventure,RPG",59.99,0,"81% of the 47,676 user reviews for this game are positive.",GSC Game World,"GSC Game World (worldwide),SEGA (Japan),4divinity (China and South East Asia)",2024-11-20,47676,81.0,10.974868,39.657,1,1,0,0,0,0,0,0,0,0,0,0,0,1,0,0,0,0,0,0,0
40.0,DayZ,38730,74708,28475833,"Action,Adventure,Massively Multiplayer",24.99,-50,"77% of the 3,701 user reviews in the last 30 days are positive.",Bohemia Interactive,Bohemia Interactive,2018-12-13,3701,77.0,28.475833,38.73,1,1,0,0,0,0,0,0,0,0,0,1,0,0,0,0,0,0,0,0,0
41.0,ELDEN RING,37099,46103,19990110,"Action,RPG",59.99,0,"95% of the 8,385 user reviews in the last 30 days are positive.","FromSoftware, Inc.","FromSoftware, Inc.,Bandai Namco Entertainment",2022-02-24,8385,95.0,19.99011,37.099,1,0,0,0,0,0,0,0,0,0,0,0,0,1,0,0,0,0,0,0,0
42.0,Cities: Skylines,36806,37005,8638994,"Simulation,Strategy",2.99,-90,"92% of the 1,551 user reviews in the last 30 days are positive.",Colossal Order Ltd.,Paradox InteractiveFranchise:Cities: Skylines,2015-03-10,1551,92.0,8.638994,36.806,0,0,0,0,0,0,0,0,0,0,0,0,0,0,0,1,0,0,1,0,0
43.0,Euro Truck Simulator 2,36487,57089,18259069,"Indie,Simulation",4.99,-75,"96% of the 7,795 user reviews in the last 30 days are positive.",SCS Software,SCS SoftwareFranchise:SCS Software,2012-10-18,7795,96.0,18.259069,36.487,0,0,0,0,0,0,0,0,0,0,1,0,0,0,0,1,0,0,0,0,0
44.0,The Forest,35055,78537,11511996,"Action,Adventure,Indie,Simulation",3.99,-80,"95% of the 10,034 user reviews in the last 30 days are positive.",Endnight Games Ltd,Endnight Games Ltd,2018-04-30,10034,95.0,11.511996,35.055,1,1,0,0,0,0,0,0,0,0,1,0,0,0,0,1,0,0,0,0,0
45.0,ARK: Survival Evolved,33027,40477,16513088,"Action,Adventure,Indie,Massively Multiplayer,RPG",34.6,-65,"92% of the 2,741 user reviews in the last 30 days are positive.","Studio Wildcard,Instinct Games,Efecto Studios,Virtual Basement LLC","Studio Wildcard,Snail Games USAFranchise:Snail Games USA",2017-08-27,2741,92.0,16.513088,33.027,1,1,0,0,0,0,0,0,0,0,1,1,0,1,0,0,0,0,0,0,0
46.0,Destiny 2,32554,53135,22271115,"Action,Adventure,Free To Play",52.49,-65,"72% of the 2,081 user reviews in the last 30 days are positive.",Bungie,BungieFranchise:Destiny,2019-10-01,2081,72.0,22.271115,32.554,1,1,0,0,0,0,0,0,1,0,0,0,0,0,0,0,0,0,0,0,0
47.0,It Takes Two,32036,33157,4699480,"Action,Adventure",9.99,-75,"95% of the 2,296 user reviews in the last 30 days are positive.",Hazelight Studios,Electronic ArtsFranchise:EA Originals,2021-03-25,2296,95.0,4.69948,32.036,1,1,0,0,0,0,0,0,0,0,0,0,0,0,0,0,0,0,0,0,0
48.0,Forza Horizon 4,31549,43290,8491831,Racing,11.99,-80,"93% of the 6,201 user reviews in the last 30 days are positive.",Playground Games,Xbox Game StudiosFranchise:Forza,2021-03-09,6201,93.0,8.491831,31.549,0,0,0,0,0,0,0,0,0,0,0,0,0,0,1,0,0,0,0,0,0
49.0,7 Days to Die,31339,45238,18296254,"Action,Adventure,Indie,RPG,Simulation,Strategy",31.49,-30,"95% of the 6,237 user reviews in the last 30 days are positive.",The Fun Pimps,The Fun Pimps Entertainment LLC,2013-12-13,6237,95.0,18.296254,31.339,1,1,0,0,0,0,0,0,0,0,1,0,0,1,0,1,0,0,1,0,0
50.0,NBA 2K25,30460,32231,12970092,"Simulation,Sports",31.5,-55,"61% of the 2,000 user reviews in the last 30 days are positive.",Visual Concepts,2KFranchise:NBA 2K,2024-10-28,2000,61.0,12.970092,30.46,0,0,0,0,0,0,0,0,0,0,0,0,0,0,0,1,0,1,0,0,0
51.0,Battlefield™ V,30013,32099,7420837,Action,3.49,-93,"70% of the 2,761 user reviews in the last 30 days are positive.",DICE,Electronic ArtsFranchise:Battlefield,2018-11-09,2761,70.0,7.420837,30.013,1,0,0,0,0,0,0,0,0,0,0,0,0,0,0,0,0,0,0,0,0
52.0,Project Zomboid,29072,43004,18608644,"Indie,RPG,Simulation,Early Access",13.39,-33,"94% of the 5,309 user reviews in the last 30 days are positive.",The Indie Stone,The Indie Stone,2013-11-08,5309,94.0,18.608644,29.072,0,0,0,0,0,0,1,0,0,0,1,0,0,1,0,1,0,0,0,0,0
53.0,Strinova,28851,37770,3927245,"Action,Massively Multiplayer,Free To Play",0.0,0,"76% of the 12,006 user reviews for this game are positive.",iDreamSky,iDreamSky,2024-11-21,12006,76.0,3.927245,28.851,1,0,0,0,0,0,0,0,1,0,0,1,0,0,0,0,0,0,0,0,0
54.0,The Sims™ 4,27972,46060,19589676,"Adventure,Casual,Simulation,Free To Play",44.61,-44,"87% of the 2,953 user reviews in the last 30 days are positive.",Maxis,Electronic ArtsFranchise:The Sims™,2014-09-02,2953,87.0,19.589676,27.972,0,1,0,0,1,0,0,0,1,0,0,0,0,0,0,1,0,0,0,0,0
55.0,Street Fighter™ 6,27787,29685,10037424,"Action,Adventure",29.99,-50,78% of the 824 user reviews in the last 30 days are positive.,"CAPCOM Co., Ltd.","CAPCOM Co., Ltd.Franchise:Street Fighter",2023-06-01,824,78.0,10.037424,27.787,1,1,0,0,0,0,0,0,0,0,0,0,0,0,0,0,0,0,0,0,0
56.0,Palworld,27706,27706,10942148,"Action,Adventure,Indie,RPG,Early Access",22.49,-25,"98% of the 12,994 user reviews in the last 30 days are positive.",Pocketpair,Pocketpair,2024-01-18,12994,98.0,10.942148,27.706,1,1,0,0,0,0,1,0,0,0,1,0,0,1,0,0,0,0,0,0,0
57.0,Crab Game,27133,54229,32262192,"Action,Casual,Free To Play,Indie,Racing",0.0,0,83% of the 445 user reviews in the last 30 days are positive.,Dani,Dani,2021-10-29,445,83.0,32.262192,27.133,1,0,0,0,1,0,0,0,1,0,1,0,0,0,1,0,0,0,0,0,0
58.0,Luma Island,26400,35011,3026412,"Adventure,Casual,Indie,RPG,Simulation",15.99,-20,"80% of the 3,849 user reviews for this game are positive.",Feel Free Games,Feel Free Games,2024-11-20,3849,80.0,3.026412,26.4,0,1,0,0,1,0,0,0,0,0,1,0,0,1,0,1,0,0,0,0,0
59.0,Sons Of The Forest,26005,53531,10044282,"Action,Adventure,Indie,Simulation",16.49,-45,"94% of the 9,700 user reviews in the last 30 days are positive.",Endnight Games Ltd,Newnight,2023-02-23,9700,94.0,10.044282,26.005,1,1,0,0,0,0,0,0,0,0,1,0,0,0,0,1,0,0,0,0,0
60.0,Total War: WARHAMMER III,25964,32249,14274393,"Action,Strategy",23.99,-60,"88% of the 1,272 user reviews in the last 30 days are positive.","CREATIVE ASSEMBLY,Feral Interactive","SEGA,Feral InteractiveFranchise:Total War,Warhammer",2022-02-16,1272,88.0,14.274393,25.964,1,0,0,0,0,0,0,0,0,0,0,0,0,0,0,0,0,0,1,0,0
61.0,Limbus Company,25527,37965,9731326,"Action,RPG,Strategy",0.0,0,"78% of the 4,082 user reviews in the last 30 days are positive.",ProjectMoon,ProjectMoonFranchise:ProjectMoon,2023-02-26,4082,78.0,9.731326,25.527,1,0,0,0,0,0,0,0,0,0,0,0,0,1,0,0,0,0,1,0,0
62.0,Mount & Blade II: Bannerlord,25160,30628,12407755,"Action,Indie,RPG,Simulation,Strategy",29.99,-40,"88% of the 1,243 user reviews in the last 30 days are positive.",TaleWorlds Entertainment,TaleWorlds EntertainmentFranchise:Mount & Blade,2020-03-30,1243,88.0,12.407755,25.16,1,0,0,0,0,0,0,0,0,0,1,0,0,1,0,1,0,0,1,0,0
63.0,HELLDIVERS™ 2,24962,56787,21980316,Action,31.99,-20,"93% of the 11,538 user reviews in the last 30 days are positive.",Arrowhead Game Studios,"PlayStation Publishing LLCFranchise:PlayStation Studios,HELLDIVERS™",2024-02-08,11538,93.0,21.980316,24.962,1,0,0,0,0,0,0,0,0,0,0,0,0,0,0,0,0,0,0,0,0
64.0,SUPERVIVE,24802,47774,5290823,"Action,Free To Play,Early Access",0.0,0,"90% of the 7,688 user reviews for this game are positive.",Theorycraft Games,Theorycraft Games,2024-11-20,7688,90.0,5.290823,24.802,1,0,0,0,0,0,1,0,1,0,0,0,0,0,0,0,0,0,0,0,0
65.0,Satisfactory,24619,64367,21582993,"Adventure,Indie,Simulation,Strategy",31.99,-20,"98% of the 10,323 user reviews in the last 30 days are positive.",Coffee Stain Studios,Coffee Stain PublishingFranchise:Coffee Stain Publishing,2020-06-08,10323,98.0,21.582993,24.619,0,1,0,0,0,0,0,0,0,0,1,0,0,0,0,1,0,0,1,0,0
66.0,Yu-Gi-Oh!  Master Duel,24395,39554,13540727,"Simulation,Strategy,Free To Play",0.0,0,"74% of the 1,149 user reviews in the last 30 days are positive.",KONAMI,KONAMIFranchise:Yu-Gi-Oh!,2022-01-18,1149,74.0,13.540727,24.395,0,0,0,0,0,0,0,0,1,0,0,0,0,0,0,1,0,0,1,0,0
67.0,Governor of Poker 3,24148,43739,13921283,"Casual,Massively Multiplayer,Simulation,Free To Play",0.0,0,62% of the 116 user reviews in the last 30 days are positive.,Playtika Ltd.,Playtika Ltd.,2016-02-19,116,62.0,13.921283,24.148,0,0,0,0,1,0,0,0,1,0,0,1,0,0,0,1,0,0,0,0,0
68.0,RimWorld,23967,28831,14812635,"Indie,Simulation,Strategy",27.99,-20,"98% of the 2,257 user reviews in the last 30 days are positive.",Ludeon Studios,Ludeon Studios,2018-10-17,2257,98.0,14.812635,23.967,0,0,0,0,0,0,0,0,0,0,1,0,0,0,0,1,0,0,1,0,0
69.0,Valheim,23281,51524,16757941,"Action,Adventure,Indie,RPG,Early Access",9.99,-50,"94% of the 5,397 user reviews in the last 30 days are positive.",Iron Gate AB,Coffee Stain PublishingFranchise:Coffee Stain Publishing,2021-02-02,5397,94.0,16.757941,23.281,1,1,0,0,0,0,1,0,0,0,1,0,0,1,0,0,0,0,0,0,0
70.0,Garry's Mod,23044,35672,13888188,"Casual,Indie,Simulation",5.99,-40,"97% of the 9,422 user reviews in the last 30 days are positive.",Facepunch Studios,Valve,2006-11-29,9422,97.0,13.888188,23.044,0,0,0,0,1,0,0,0,0,0,1,0,0,0,0,1,0,0,0,0,0
71.0,SCUM,22908,22908,10310611,"Action,Adventure,Indie,Massively Multiplayer,Early Access",19.99,-50,80% of the 637 user reviews in the last 30 days are positive.,Gamepires,Jagex LtdFranchise:Gamepires,2018-08-29,637,80.0,10.310611,22.908,1,1,0,0,0,0,1,0,0,0,1,1,0,0,0,0,0,0,0,0,0
72.0,Eternal Return,22726,25240,7600925,"Indie,Strategy,Free To Play",0.0,0,"90% of the 1,659 user reviews in the last 30 days are positive.",Nimble Neuron,"Nimble Neuron,SapStaR Games",2020-10-14,1659,90.0,7.600925,22.726,0,0,0,0,0,0,0,0,1,0,1,0,0,0,0,0,0,0,1,0,0
73.0,Goose Goose Duck,22314,27851,5126061,"Casual,Indie,Massively Multiplayer,Strategy,Free To Play",0.0,0,"88% of the 1,418 user reviews in the last 30 days are positive.","Gaggle Studios, Inc.","Gaggle Studios, Inc.",2021-04-29,1418,88.0,5.126061,22.314,0,0,0,0,1,0,0,0,1,0,1,1,0,0,0,0,0,0,1,0,0
74.0,The Elder Scrolls V: Skyrim Special Edition,22077,34565,14963928,RPG,9.99,-75,"96% of the 1,902 user reviews in the last 30 days are positive.",Bethesda Game Studios,"Bethesda SoftworksFranchise:The Elder Scrolls,Skyrim",2016-10-27,1902,96.0,14.963928,22.077,0,0,0,0,0,0,0,0,0,0,0,0,0,1,0,0,0,0,0,0,0
75.0,Brotato,21473,38761,12854516,"Action,Casual,Indie,RPG",2.99,-40,"94% of the 4,569 user reviews in the last 30 days are positive.",Blobfish,BlobfishFranchise:Blobfish,2022-09-27,4569,94.0,12.854516,21.473,1,0,0,0,1,0,0,0,0,0,1,0,0,1,0,0,0,0,0,0,0
76.0,Cats,21388,32592,16526429,"Action,Casual,Indie,Simulation,Free To Play",0.64,-35,82% of the 952 user reviews in the last 30 days are positive.,100 Cozy Games,100 Cozy GamesFranchise:100 Cats,2024-05-21,952,82.0,16.526429,21.388,1,0,0,0,1,0,0,0,1,0,1,0,0,0,0,1,0,0,0,0,0
77.0,Age of Empires II: Definitive Edition,20621,30067,12407620,Strategy,88.3,-53,"95% of the 1,757 user reviews in the last 30 days are positive.","Forgotten Empires,Tantalus Media,Wicked Witch,World's Edge,CaptureAge",Xbox Game StudiosFranchise:Age of Empires,2019-11-14,1757,95.0,12.40762,20.621,0,0,0,0,0,0,0,0,0,0,0,0,0,0,0,0,0,0,1,0,0
78.0,Forza Horizon 5,19804,19804,6679111,"Action,Adventure,Racing,Simulation,Sports",29.99,-50,"93% of the 4,008 user reviews in the last 30 days are positive.",Playground Games,Xbox Game StudiosFranchise:Forza,2021-11-08,4008,93.0,6.679111,19.804,1,1,0,0,0,0,0,0,0,0,0,0,0,0,1,1,0,1,0,0,0
79.0,MIR4,19804,20121,11399143,"Action,Adventure,Massively Multiplayer,RPG,Free To Play",0.0,0,65% of the 63 user reviews in the last 30 days are positive.,Wemade Next,Wemade,2021-08-25,63,65.0,11.399143,19.804,1,1,0,0,0,0,0,0,1,0,0,1,0,1,0,0,0,0,0,0,0
80.0,Unturned,19658,22660,10669150,"Action,Adventure,Casual,Indie,Free To Play",3.74,-25,"90% of the 2,361 user reviews in the last 30 days are positive.",Smartly Dressed Games,Smartly Dressed GamesFranchise:Unturned,2017-07-07,2361,90.0,10.66915,19.658,1,1,0,0,1,0,0,0,1,0,1,0,0,0,0,0,0,0,0,0,0
81.0,Enshrouded,19299,42477,12041211,"Action,Adventure,RPG,Early Access",23.99,-20,"89% of the 5,293 user reviews in the last 30 days are positive.",Keen Games GmbH,Keen Games GmbH,2024-01-24,5293,89.0,12.041211,19.299,1,1,0,0,0,0,1,0,0,0,0,0,0,1,0,0,0,0,0,0,0
82.0,MONSTER HUNTER RISE,19201,25979,7711305,Action,9.99,-75,"85% of the 1,073 user reviews in the last 30 days are positive.","CAPCOM Co., Ltd.","CAPCOM Co., Ltd.Franchise:Monster Hunter",2022-01-12,1073,85.0,7.711305,19.201,1,0,0,0,0,0,0,0,0,0,0,0,0,0,0,0,0,0,0,0,0
83.0,The Witcher 3: Wild Hunt,19187,25931,9100497,RPG,9.99,-75,"95% of the 4,475 user reviews in the last 30 days are positive.",CD PROJEKT RED,CD PROJEKT REDFranchise:THE WITCHER®,2015-05-18,4475,95.0,9.100497,19.187,0,0,0,0,0,0,0,0,0,0,0,0,0,1,0,0,0,0,0,0,0
84.0,Crusader Kings III,19099,29187,12282102,"RPG,Simulation,Strategy",14.99,-70,"90% of the 1,421 user reviews in the last 30 days are positive.",Paradox Development Studio,Paradox InteractiveFranchise:Crusader Kings,2020-09-01,1421,90.0,12.282102,19.099,0,0,0,0,0,0,0,0,0,0,0,0,0,1,0,1,0,0,1,0,0
85.0,Lost Ark,18932,30249,12504471,"Action,Adventure,Massively Multiplayer,RPG,Free To Play",0.0,0,58% of the 423 user reviews in the last 30 days are positive.,Smilegate RPG,Amazon Games,2022-02-11,423,58.0,12.504471,18.932,1,1,0,0,0,0,0,0,1,0,0,1,0,1,0,0,0,0,0,0,0
86.0,FINAL FANTASY XIV Online,18497,35733,14204161,"Massively Multiplayer,RPG",19.99,0,91% of the 647 user reviews in the last 30 days are positive.,Square Enix,Square EnixFranchise:FINAL FANTASY,2014-02-18,647,91.0,14.204161,18.497,0,0,0,0,0,0,0,0,0,0,0,1,0,1,0,0,0,0,0,0,0
87.0,OBS Studio,17999,21115,8474019,"Utilities,Video Production",0.0,0,"95% of the 1,170 user reviews in the last 30 days are positive.",OBS Project,OBS Project,2014-07-14,1170,95.0,8.474019,17.999,0,0,0,0,0,0,0,0,0,0,0,0,0,0,0,0,0,0,0,1,1
88.0,BeamNG.drive,17958,25201,10350071,"Racing,Simulation,Early Access",19.99,-20,"97% of the 6,246 user reviews in the last 30 days are positive.",BeamNG,BeamNG,2015-05-29,6246,97.0,10.350071,17.958,0,0,0,0,0,0,1,0,0,0,0,0,0,0,1,1,0,0,0,0,0
89.0,Raft,17697,17697,4132904,"Adventure,Indie,Simulation",13.39,-33,"91% of the 2,099 user reviews in the last 30 days are positive.",Redbeet Interactive,Axolot GamesFranchise:Axolot Games,2018-05-23,2099,91.0,4.132904,17.697,0,1,0,0,0,0,0,0,0,0,1,0,0,0,0,1,0,0,0,0,0
90.0,Oxygen Not Included,17676,22868,5804417,"Indie,Simulation",8.49,-66,"97% of the 1,791 user reviews in the last 30 days are positive.",Klei Entertainment,Klei EntertainmentFranchise:Klei Entertainment,2019-07-30,1791,97.0,5.804417,17.676,0,0,0,0,0,0,0,0,0,0,1,0,0,0,0,1,0,0,0,0,0
91.0,Lethal Company,17611,27430,10355246,"Action,Adventure,Indie,Early Access",9.99,0,"96% of the 8,515 user reviews in the last 30 days are positive.",Zeekerss,Zeekerss,2023-10-23,8515,96.0,10.355246,17.611,1,1,0,0,0,0,1,0,0,0,1,0,0,0,0,0,0,0,0,0,0
92.0,Path of Exile,17555,30701,10288655,"Action,Adventure,Indie,Massively Multiplayer,RPG,Free To Play",0.0,0,"93% of the 1,867 user reviews in the last 30 days are positive.",Grinding Gear Games,Grinding Gear Games,2013-10-23,1867,93.0,10.288655,17.555,1,1,0,0,0,0,0,0,1,0,1,1,0,1,0,0,0,0,0,0,0
93.0,Assassin's Creed Odyssey,17501,17501,2337482,"Action,Adventure,RPG",5.99,-90,86% of the 948 user reviews in the last 30 days are positive.,"Ubisoft Quebec,Ubisoft Montreal,Ubisoft Bucharest,Ubisoft Singapore,Ubisoft Montpellier,Ubisoft Kiev,Ubisoft Shanghai",UbisoftFranchise:Assassin's Creed,2018-10-05,948,86.0,2.337482,17.501,1,1,0,0,0,0,0,0,0,0,0,0,0,1,0,0,0,0,0,0,0
94.0,ARK: Survival Ascended,17472,30771,11854517,"Action,Adventure,Indie,Massively Multiplayer,RPG,Early Access",30.14,-33,"65% of the 1,503 user reviews in the last 30 days are positive.","Studio Wildcard,Grove Street Games,Instinct Games","Studio Wildcard,Snail Games USAFranchise:Snail Games USA",2023-10-25,1503,65.0,11.854517,17.472,1,1,0,0,0,0,1,0,0,0,1,1,0,1,0,0,0,0,0,0,0
95.0,Squad,17194,20832,8497714,"Action,Indie,Massively Multiplayer,Strategy",24.99,-50,"91% of the 2,270 user reviews in the last 30 days are positive.",Offworld,OffworldFranchise:Offworld,2015-12-14,2270,91.0,8.497714,17.194,1,0,0,0,0,0,0,0,0,0,1,1,0,0,0,0,0,0,1,0,0
96.0,Balatro,16896,17831,5831294,"Casual,Indie,Strategy",12.74,-15,"99% of the 17,809 user reviews in the last 30 days are positive.",LocalThunk,PlaystackFranchise:Playstack,2024-02-20,17809,99.0,5.831294,16.896,0,0,0,0,1,0,0,0,0,0,1,0,0,0,0,0,0,0,1,0,0
97.0,Stellaris,16725,24954,10470299,"Simulation,Strategy",9.99,-75,"91% of the 1,350 user reviews in the last 30 days are positive.",Paradox Development Studio,Paradox InteractiveFranchise:Stellaris,2016-05-09,1350,91.0,10.470299,16.725,0,0,0,0,0,0,0,0,0,0,0,0,0,0,0,1,0,0,1,0,0
98.0,Half-Life 2,16695,64085,7980923,Action,1.99,-80,"97% of the 9,162 user reviews in the last 30 days are positive.",Valve,ValveFranchise:Half-Life,2004-11-16,9162,97.0,7.980923,16.695,1,0,0,0,0,0,0,0,0,0,0,0,0,0,0,0,0,0,0,0,0
99.0,Europa Universalis IV,16690,22949,9870033,"Simulation,Strategy",4.99,-90,91% of the 683 user reviews in the last 30 days are positive.,"Paradox Development Studio,Paradox Tinto",Paradox InteractiveFranchise:Europa Universalis,2013-08-13,683,91.0,9.870033,16.69,0,0,0,0,0,0,0,0,0,0,0,0,0,0,0,1,0,0,1,0,0
100.0,Battlefield™ 2042,16630,34494,10173018,"Action,Adventure,Casual",4.79,-92,"67% of the 6,211 user reviews in the last 30 days are positive.",DICE,Electronic ArtsFranchise:Battlefield,2021-11-19,6211,67.0,10.173018,16.63,1,1,0,0,1,0,0,0,0,0,0,0,0,0,0,0,0,0,0,0,0
101.0,EA SPORTS FC™ 24,16622,23854,8990727,"Simulation,Sports",69.99,0,"73% of the 1,633 user reviews in the last 30 days are positive.",EA Canada & EA Romania,Electronic ArtsFranchise:EA Sports,2023-09-28,1633,73.0,8.990727,16.622,0,0,0,0,0,0,0,0,0,0,0,0,0,0,0,1,0,1,0,0,0
102.0,STALCRAFT: X,16622,36874,8799330,"Action,Adventure,Massively Multiplayer,RPG",0.0,0,"78% of the 3,634 user reviews in the last 30 days are positive.",EXBO,EXBO,2022-12-09,3634,78.0,8.79933,16.622,1,1,0,0,0,0,0,0,0,0,0,1,0,1,0,0,0,0,0,0,0
103.0,Deep Rock Galactic,16600,19420,6958985,Action,9.89,-67,"98% of the 6,060 user reviews in the last 30 days are positive.",Ghost Ship Games,Coffee Stain PublishingFranchise:Coffee Stain Publishing,2020-05-13,6060,98.0,6.958985,16.6,1,0,0,0,0,0,0,0,0,0,0,0,0,0,0,0,0,0,0,0,0
104.0,New World: Aeternum,16490,44245,16659748,"Action,Adventure,Massively Multiplayer,RPG",22.49,-25,"69% of the 1,286 user reviews in the last 30 days are positive.",Amazon Games,Amazon Games,2021-09-28,1286,69.0,16.659748,16.49,1,1,0,0,0,0,0,0,0,0,0,1,0,1,0,0,0,0,0,0,0
105.0,Russian Fishing 4,16455,19528,7531043,"Adventure,Casual,Massively Multiplayer,RPG,Simulation,Sports,Free To Play",0.0,0,"80% of the 1,097 user reviews in the last 30 days are positive.",FishSoft LLC,FishSoft LLC,2018-06-15,1097,80.0,7.531043,16.455,0,1,0,0,1,0,0,0,1,0,0,1,0,1,0,1,0,1,0,0,0
106.0,Tapple,16455,17784,9065710,"Casual,Indie,Simulation,Strategy,Free To Play",0.0,0,71% of the 80 user reviews in the last 30 days are positive.,Zeeno,Zeeno,2024-06-28,80,71.0,9.06571,16.455,0,0,0,0,1,0,0,0,1,0,1,0,0,0,0,1,0,0,1,0,0
107.0,Geometry Dash,16401,23434,9881618,"Action,Indie",2.49,-50,"94% of the 6,996 user reviews in the last 30 days are positive.",RobTop Games,RobTop Games,2014-12-22,6996,94.0,9.881618,16.401,1,0,0,0,0,0,0,0,0,0,1,0,0,0,0,0,0,0,0,0,0
108.0,theHunter: Call of the Wild™,16399,16399,3048630,"Adventure,Simulation,Sports",1.99,-90,"90% of the 1,592 user reviews in the last 30 days are positive.",Expansive Worlds,Avalanche Studios,2017-02-16,1592,90.0,3.04863,16.399,0,1,0,0,0,0,0,0,0,0,0,0,0,0,0,1,0,1,0,0,0
109.0,THE FINALS,16285,21731,10450358,"Action,Free To Play",0.0,0,"88% of the 12,411 user reviews in the last 30 days are positive.",Embark Studios,Embark Studios,2023-12-07,12411,88.0,10.450358,16.285,1,0,0,0,0,0,0,0,1,0,0,0,0,0,0,0,0,0,0,0,0
110.0,Slay the Spire,16241,19011,8394301,"Indie,Strategy",8.49,-66,"96% of the 1,789 user reviews in the last 30 days are positive.",Mega Crit,Mega Crit,2019-01-23,1789,96.0,8.394301,16.241,0,0,0,0,0,0,0,0,0,0,1,0,0,0,0,0,0,0,1,0,0
112.0,Phasmophobia,16018,53806,16814170,"Action,Indie,Early Access",15.99,-20,"94% of the 9,959 user reviews in the last 30 days are positive.",Kinetic Games,Kinetic Games,2020-09-18,9959,94.0,16.81417,16.018,1,0,0,0,0,0,1,0,0,0,1,0,0,0,0,0,0,0,0,0,0
113.0,Sid Meier's Civilization V,15627,21909,10768007,Strategy,14.35,-90,89% of the 299 user reviews in the last 30 days are positive.,"Firaxis Games,Aspyr (Mac),Aspyr (Linux)","2K,Aspyr (Mac),Aspyr (Linux)Franchise:Sid Meier's Civilization",2010-09-21,299,89.0,10.768007,15.627,0,0,0,0,0,0,0,0,0,0,0,0,0,0,0,0,0,0,1,0,0
114.0,Hunt: Showdown 1896,15606,25356,9217362,Action,19.49,-35,"63% of the 2,795 user reviews in the last 30 days are positive.",Crytek,CrytekFranchise:Hunt,2019-08-27,2795,63.0,9.217362,15.606,1,0,0,0,0,0,0,0,0,0,0,0,0,0,0,0,0,0,0,0,0
115.0,Farming Simulator 22,15563,45563,12494182,Simulation,23.99,-20,"95% of the 1,183 user reviews in the last 30 days are positive.",Giants Software,Giants SoftwareFranchise:Farming Simulator,2021-11-21,1183,95.0,12.494182,15.563,0,0,0,0,0,0,0,0,0,0,0,0,0,0,0,1,0,0,0,0,0
116.0,Warhammer: Vermintide 2,15543,24489,4885958,"Action,Indie,RPG",5.99,-80,"83% of the 2,515 user reviews in the last 30 days are positive.",Fatshark,"FatsharkFranchise:Warhammer,Fatshark",2018-03-08,2515,83.0,4.885958,15.543,1,0,0,0,0,0,0,0,0,0,1,0,0,1,0,0,0,0,0,0,0
117.0,VTube Studio,15452,16874,6278275,"Indie,Animation & Modeling,Video Production",0.0,0,95% of the 98 user reviews in the last 30 days are positive.,DenchiSoft,DenchiSoft,2021-03-12,98,95.0,6.278275,15.452,0,0,1,0,0,0,0,0,0,0,1,0,0,0,0,0,0,0,0,0,1
118.0,Soundpad,15335,19780,9089715,"Audio Production,Utilities",3.99,-20,"96% of the 1,041 user reviews in the last 30 days are positive.",Leppsoft,Leppsoft,2016-11-09,1041,96.0,9.089715,15.335,0,0,0,1,0,0,0,0,0,0,0,0,0,0,0,0,0,0,0,1,0
119.0,Elin,15256,18203,5638565,"Indie,RPG,Simulation,Strategy,Early Access",19.99,0,"93% of the 3,373 user reviews for this game are positive.",Lafrontier,"LafrontierFranchise:Eternal League Of Nefia,Elona",2024-11-01,3373,93.0,5.638565,15.256,0,0,0,0,0,0,1,0,0,0,1,0,0,1,0,1,0,0,1,0,0
120.0,Black Desert,15031,17212,8826268,"Action,Adventure,Massively Multiplayer,RPG,Simulation,Strategy",0.99,-90,74% of the 465 user reviews in the last 30 days are positive.,Pearl Abyss,Pearl Abyss,2017-05-24,465,74.0,8.826268,15.031,1,1,0,0,0,0,0,0,0,0,0,1,0,1,0,1,0,0,1,0,0
121.0,Hogwarts Legacy,14848,31741,9327876,"Action,Adventure,RPG",17.99,-70,"87% of the 4,158 user reviews in the last 30 days are positive.",Avalanche Software,Warner Bros. GamesFranchise:WB Games,2023-02-10,4158,87.0,9.327876,14.848,1,1,0,0,0,0,0,0,0,0,0,0,0,1,0,0,0,0,0,0,0
122.0,Counter-Strike,14777,16803,7423810,Action,1.99,-80,"97% of the 1,930 user reviews in the last 30 days are positive.",Valve,Valve,2000-11-01,1930,97.0,7.42381,14.777,1,0,0,0,0,0,0,0,0,0,0,0,0,0,0,0,0,0,0,0,0
123.0,Battlefield 1 ™,14737,15238,4461055,"Action,Massively Multiplayer",2.79,-93,"82% of the 2,399 user reviews in the last 30 days are positive.",DICE,Electronic ArtsFranchise:Battlefield,2016-10-20,2399,82.0,4.461055,14.737,1,0,0,0,0,0,0,0,0,0,0,1,0,0,0,0,0,0,0,0,0
124.0,Diablo® IV,14718,22456,7513225,"Action,RPG",29.99,-40,"68% of the 1,423 user reviews in the last 30 days are positive.","Blizzard Entertainment, Inc.","Blizzard Entertainment, Inc.Franchise:Diablo",2023-10-17,1423,68.0,7.513225,14.718,1,0,0,0,0,0,0,0,0,0,0,0,0,1,0,0,0,0,0,0,0
125.0,Fallout 4,14669,22872,10149773,RPG,7.99,-60,"88% of the 1,865 user reviews in the last 30 days are positive.",Bethesda Game Studios,Bethesda SoftworksFranchise:Fallout,2015-11-09,1865,88.0,10.149773,14.669,0,0,0,0,0,0,0,0,0,0,0,0,0,1,0,0,0,0,0,0,0
126.0,eFootball™,14465,18131,7265888,"Simulation,Sports,Free To Play",0.0,0,"62% of the 1,522 user reviews in the last 30 days are positive.",KONAMI,KONAMI,2021-09-29,1522,62.0,7.265888,14.465,0,0,0,0,0,0,0,0,1,0,0,0,0,0,0,1,0,1,0,0,0
128.0,No Man's Sky,14019,21542,7971588,"Action,Adventure",23.99,-60,"96% of the 4,859 user reviews in the last 30 days are positive.",Hello Games,Hello Games,2016-08-12,4859,96.0,7.971588,14.019,1,1,0,0,0,0,0,0,0,0,0,0,0,0,0,0,0,0,0,0,0
129.0,Killing Floor 2,13818,15283,7608428,Action,1.49,-95,87% of the 325 user reviews in the last 30 days are positive.,Tripwire Interactive,Tripwire InteractiveFranchise:Killing Floor,2016-11-18,325,87.0,7.608428,13.818,1,0,0,0,0,0,0,0,0,0,0,0,0,0,0,0,0,0,0,0,0
130.0,Liar's Bar,13797,37973,6707956,"Casual,Indie,Simulation,Strategy,Early Access",5.59,-20,"95% of the 14,131 user reviews in the last 30 days are positive.",Curve Animation,Curve Animation,2024-10-02,14131,95.0,6.707956,13.797,0,0,0,0,1,0,1,0,0,0,1,0,0,0,0,1,0,0,1,0,0
131.0,World of Warships,13453,14259,5021060,"Action,Massively Multiplayer,Simulation,Free To Play",3.0,-90,"75% of the 1,066 user reviews in the last 30 days are positive.",Wargaming Group Limited,Wargaming Group Limited,2017-11-15,1066,75.0,5.02106,13.453,1,0,0,0,0,0,0,0,1,0,0,1,0,0,0,1,0,0,0,0,0
132.0,Age of Empires IV: Anniversary Edition,13357,15611,5954418,Strategy,19.99,-50,"68% of the 1,071 user reviews in the last 30 days are positive.","Relic Entertainment,Forgotten Empires,Climax Studios,World's Edge",Xbox Game StudiosFranchise:Age of Empires,2021-10-28,1071,68.0,5.954418,13.357,0,0,0,0,0,0,0,0,0,0,0,0,0,0,0,0,0,0,1,0,0
133.0,DRAGON QUEST III HD-2D Remake,13279,45357,5370575,RPG,59.99,0,"70% of the 1,968 user reviews for this game are positive.","Square Enix,ARTDINK",Square EnixFranchise:Dragon Quest,2024-11-14,1968,70.0,5.370575,13.279,0,0,0,0,0,0,0,0,0,0,0,0,0,1,0,0,0,0,0,0,0
134.0,Persona 5 Royal,13062,17564,5669919,RPG,23.99,-60,"94% of the 1,783 user reviews in the last 30 days are positive.",ATLUS,SEGAFranchise:Persona,2022-10-20,1783,94.0,5.669919,13.062,0,0,0,0,0,0,0,0,0,0,0,0,0,1,0,0,0,0,0,0,0
135.0,PAYDAY 2,12831,32404,10374050,"Action,RPG",3.99,-60,"93% of the 1,364 user reviews in the last 30 days are positive.",OVERKILL - a Starbreeze Studio.,Starbreeze Publishing ABFranchise:PAYDAY,2013-08-13,1364,93.0,10.37405,12.831,1,0,0,0,0,0,0,0,0,0,0,0,0,1,0,0,0,0,0,0,0
136.0,Slime Rancher,12580,12580,786245,"Action,Adventure,Indie,Simulation",1.99,-90,"97% of the 1,036 user reviews in the last 30 days are positive.",Monomi Park,Monomi ParkFranchise:Slime Rancher,2017-08-01,1036,97.0,0.786245,12.58,1,1,0,0,0,0,0,0,0,0,1,0,0,0,0,1,0,0,0,0,0
137.0,Dying Light,12102,24462,6342755,"Action,RPG",3.99,-80,"95% of the 4,924 user reviews in the last 30 days are positive.",Techland,TechlandFranchise:Dying Light,2015-01-26,4924,95.0,6.342755,12.102,1,0,0,0,0,0,0,0,0,0,0,0,0,1,0,0,0,0,0,0,0
138.0,Assetto Corsa,11791,17274,6468469,"Indie,Racing,Simulation,Sports",4.99,-75,"92% of the 1,692 user reviews in the last 30 days are positive.",Kunos Simulazioni,Kunos SimulazioniFranchise:Assetto Corsa,2014-12-19,1692,92.0,6.468469,11.791,0,0,0,0,0,0,0,0,0,0,1,0,0,0,1,1,0,1,0,0,0
139.0,Victoria 3,11491,17084,4842730,"Simulation,Strategy",24.99,-50,76% of the 597 user reviews in the last 30 days are positive.,Paradox Development Studio,Paradox InteractiveFranchise:Victoria,2022-10-25,597,76.0,4.84273,11.491,0,0,0,0,0,0,0,0,0,0,0,0,0,0,0,1,0,0,1,0,0
140.0,The First Descendant,11314,17732,7395445,"Action,Adventure,RPG,Free To Play",0.0,0,"76% of the 3,680 user reviews in the last 30 days are positive.","NEXON Games Co., Ltd.",NEXON,2024-06-30,3680,76.0,7.395445,11.314,1,1,0,0,0,0,0,0,1,0,0,0,0,1,0,0,0,0,0,0,0
141.0,Darkest Dungeon®,11201,11201,1906710,"Indie,RPG,Strategy",1.99,-92,91% of the 667 user reviews in the last 30 days are positive.,Red Hook Studios,Red Hook Studios,2016-01-19,667,91.0,1.90671,11.201,0,0,0,0,0,0,0,0,0,0,1,0,0,1,0,0,0,0,1,0,0
142.0,Cookie Clicker,11187,11741,7376599,"Casual,Indie,Simulation,Strategy",2.49,-50,"95% of the 1,023 user reviews in the last 30 days are positive.","Orteil,DashNet",PlaysaurusFranchise:Playsaurus,2021-09-01,1023,95.0,7.376599,11.187,0,0,0,0,1,0,0,0,0,0,1,0,0,0,0,1,0,0,1,0,0
143.0,VPet,10870,13134,5349896,"Casual,Indie,RPG,Simulation,Free To Play",0.0,0,"98% of the 1,347 user reviews in the last 30 days are positive.",LB Game,LB Game,2023-08-13,1347,98.0,5.349896,10.87,0,0,0,0,1,0,0,0,1,0,1,0,0,1,0,1,0,0,0,0,0
144.0,Arma 3,10702,20660,6919281,"Action,Simulation,Strategy",5.99,-80,"90% of the 1,897 user reviews in the last 30 days are positive.",Bohemia Interactive,Bohemia InteractiveFranchise:Arma Franchise,2013-09-12,1897,90.0,6.919281,10.702,1,0,0,0,0,0,0,0,0,0,0,0,0,0,0,1,0,0,1,0,0
145.0,Overcooked! 2,10673,15004,2460369,"Action,Casual,Indie",6.24,-75,90% of the 830 user reviews in the last 30 days are positive.,"Ghost Town Games Ltd.,Team17","Team17Franchise:Team17 Digital,Overcooked!",2018-08-07,830,90.0,2.460369,10.673,1,0,0,0,1,0,0,0,0,0,1,0,0,0,0,0,0,0,0,0,0
146.0,The Elder Scrolls Online,10576,16563,7287569,"Action,Adventure,Massively Multiplayer,RPG",4.99,-75,77% of the 512 user reviews in the last 30 days are positive.,ZeniMax Online Studios,Bethesda SoftworksFranchise:The Elder Scrolls,2014-04-04,512,77.0,7.287569,10.576,1,1,0,0,0,0,0,0,0,0,0,1,0,1,0,0,0,0,0,0,0
147.0,Crosshair V2,10457,16912,5532447,Utilities,0.0,0,90% of the 451 user reviews in the last 30 days are positive.,CenterPoint Gaming,CenterPoint Gaming,2023-01-26,451,90.0,5.532447,10.457,0,0,0,0,0,0,0,0,0,0,0,0,0,0,0,0,0,0,0,1,0
148.0,Brawlhalla,10415,19165,7515553,"Action,Indie,Free To Play",19.99,-50,"76% of the 3,003 user reviews in the last 30 days are positive.",Blue Mammoth Games,Ubisoft,2017-10-17,3003,76.0,7.515553,10.415,1,0,0,0,0,0,0,0,1,0,1,0,0,0,0,0,0,0,0,0,0
149.0,Albion Online,10328,13555,6164621,"Massively Multiplayer,RPG,Free To Play",0.0,0,"79% of the 1,207 user reviews in the last 30 days are positive.",Sandbox Interactive GmbH,Sandbox Interactive GmbH,2017-07-17,1207,79.0,6.164621,10.328,0,0,0,0,0,0,0,0,1,0,0,1,0,1,0,0,0,0,0,0,0
150.0,Hollow Knight,10253,13842,4710069,"Action,Adventure,Indie",7.49,-50,"95% of the 5,353 user reviews in the last 30 days are positive.",Team Cherry,Team CherryFranchise:Hollow Knight,2017-02-24,5353,95.0,4.710069,10.253,1,1,0,0,0,0,0,0,0,0,1,0,0,0,0,0,0,0,0,0,0
151.0,YoloMouse,10193,10967,5485323,"Animation & Modeling,Design & Illustration,Education,Software Training,Utilities",3.99,0,93% of the 43 user reviews in the last 30 days are positive.,Dragonrise Games,Dragonrise Games,2020-05-01,43,93.0,5.485323,10.193,0,0,1,0,0,1,0,1,0,0,0,0,0,0,0,0,1,0,0,1,0
152.0,World of Tanks Blitz,10165,13696,5080179,"Action,Massively Multiplayer,Simulation,Strategy,Free To Play",1.19,-80,"77% of the 1,069 user reviews in the last 30 days are positive.",Wargaming Group Limited,Wargaming Group Limited,2016-11-09,1069,77.0,5.080179,10.165,1,0,0,0,0,0,0,0,1,0,0,1,0,0,0,1,0,0,1,0,0
153.0,Sekiro™: Shadows Die Twice,10064,10148,2917968,"Action,Adventure",29.99,-50,"93% of the 1,431 user reviews in the last 30 days are positive.","FromSoftware, Inc.","Activision (Excluding Japan and Asia),FromSoftware, Inc. (Japan),方块游戏 (Asia)",2019-03-21,1431,93.0,2.917968,10.064,1,1,0,0,0,0,0,0,0,0,0,0,0,0,0,0,0,0,0,0,0
154.0,"Warhammer 40,000: Darktide",9987,12423,5315420,"Action,Adventure,Indie",19.99,-50,"88% of the 1,664 user reviews in the last 30 days are positive.",Fatshark,"FatsharkFranchise:Warhammer,Fatshark",2022-11-30,1664,88.0,5.31542,9.987,1,1,0,0,0,0,0,0,0,0,1,0,0,0,0,0,0,0,0,0,0
155.0,Dragon Age™: The Veilguard,9980,60656,13237662,"Action,Adventure,RPG,Strategy",59.99,0,"71% of the 26,148 user reviews for this game are positive.",BioWare,Electronic ArtsFranchise:Dragon Age,2024-10-31,26148,71.0,13.237662,9.98,1,1,0,0,0,0,0,0,0,0,0,0,0,1,0,0,0,0,1,0,0
156.0,Blender,9866,10970,6029425,"Animation & Modeling,Design & Illustration,Video Production",0.0,0,"93% of the 1,403 user reviews in the last 30 days are positive.",Blender Foundation,Blender Foundation,1994-01-02,1403,93.0,6.029425,9.866,0,0,1,0,0,1,0,0,0,0,0,0,0,0,0,0,0,0,0,0,1
157.0,Metaphor: ReFantazio,9864,29676,8838493,"Action,Adventure,RPG",52.49,-25,"93% of the 4,794 user reviews in the last 30 days are positive.",ATLUS,SEGAFranchise:ATLUS,2024-10-10,4794,93.0,8.838493,9.864,1,1,0,0,0,0,0,0,0,0,0,0,0,1,0,0,0,0,0,0,0
158.0,Cities: Skylines II,9646,12149,4932607,Simulation,39.99,-20,"51% of the 1,029 user reviews in the last 30 days are positive.",Colossal Order Ltd.,Paradox InteractiveFranchise:Cities: Skylines,2023-10-24,1029,51.0,4.932607,9.646,0,0,0,0,0,0,0,0,0,0,0,0,0,0,0,1,0,0,0,0,0
159.0,Core Keeper,9540,21232,6219390,"Adventure,Casual,Indie,RPG",14.99,-25,"96% of the 3,763 user reviews in the last 30 days are positive.",Pugstorm,"Fireshine Games,bilibiliFranchise:Fireshine Games,bilibili",2022-03-08,3763,96.0,6.21939,9.54,0,1,0,0,1,0,0,0,0,0,1,0,0,1,0,0,0,0,0,0,0
160.0,"Warhammer 40,000: Space Marine 2",9438,24297,7969826,"Action,Adventure,RPG",47.99,-20,"93% of the 9,796 user reviews in the last 30 days are positive.",Saber Interactive,Focus EntertainmentFranchise:Warhammer,2024-09-09,9796,93.0,7.969826,9.438,1,1,0,0,0,0,0,0,0,0,0,0,0,1,0,0,0,0,0,0,0
161.0,Counter-Strike: Source,9234,12424,5616177,Action,1.99,-80,94% of the 985 user reviews in the last 30 days are positive.,Valve,Valve,2004-11-01,985,94.0,5.616177,9.234,1,0,0,0,0,0,0,0,0,0,0,0,0,0,0,0,0,0,0,0,0
162.0,Hero's Land,9126,13742,4340347,"Action,Adventure,Massively Multiplayer,RPG,Free To Play",0.0,0,73% of the 640 user reviews in the last 30 days are positive.,钢之直男工作室,OrienjoyFranchise:Orienjoy,2023-05-17,640,73.0,4.340347,9.126,1,1,0,0,0,0,0,0,1,0,0,1,0,1,0,0,0,0,0,0,0
163.0,HoloCure - Save the Fans!,9090,30152,5254629,"Action,Adventure,Casual,Indie",0.0,0,"98% of the 2,930 user reviews in the last 30 days are positive.",KayAnimate,KayAnimate,2023-08-16,2930,98.0,5.254629,9.09,1,1,0,0,1,0,0,0,0,0,1,0,0,0,0,0,0,0,0,0,0
164.0,Subnautica,8965,9853,3769794,"Adventure,Indie",9.89,-67,"97% of the 4,150 user reviews in the last 30 days are positive.",Unknown Worlds Entertainment,Unknown Worlds EntertainmentFranchise:Subnautica,2018-01-23,4150,97.0,3.769794,8.965,0,1,0,0,0,0,0,0,0,0,1,0,0,0,0,0,0,0,0,0,0
165.0,Summoners War,8926,13895,6136225,"RPG,Strategy,Free To Play",0.0,0,86% of the 403 user reviews in the last 30 days are positive.,Com2uS,Com2uS,2024-01-07,403,86.0,6.136225,8.926,0,0,0,0,0,0,0,0,1,0,0,0,0,1,0,0,0,0,1,0,0
166.0,Bloons TD 6,8898,13497,6180379,Strategy,4.19,-70,"97% of the 3,709 user reviews in the last 30 days are positive.",Ninja Kiwi,Ninja KiwiFranchise:Bloons TD,2018-12-17,3709,97.0,6.180379,8.898,0,0,0,0,0,0,0,0,0,0,0,0,0,0,0,0,0,0,1,0,0
167.0,Resident Evil 4,8813,15723,5304378,"Action,Adventure",19.99,-50,"97% of the 4,128 user reviews in the last 30 days are positive.","CAPCOM Co., Ltd.","CAPCOM Co., Ltd.Franchise:Resident Evil",2023-03-23,4128,97.0,5.304378,8.813,1,1,0,0,0,0,0,0,0,0,0,0,0,0,0,0,0,0,0,0,0
168.0,NBA 2K24,8812,10485,3786913,"Simulation,Sports",59.99,0,62% of the 254 user reviews in the last 30 days are positive.,Visual Concepts,2KFranchise:NBA 2K,2023-09-07,254,62.0,3.786913,8.812,0,0,0,0,0,0,0,0,0,0,0,0,0,0,0,1,0,1,0,0,0
169.0,Detroit: Become Human,8771,12592,2265402,"Action,Adventure",11.99,-70,"97% of the 5,244 user reviews in the last 30 days are positive.",Quantic Dream,Quantic Dream,2020-06-18,5244,97.0,2.265402,8.771,1,1,0,0,0,0,0,0,0,0,0,0,0,0,0,0,0,0,0,0,0
170.0,DDNet,8585,9467,3281315,"Action,Indie,Racing,Free To Play",0.0,0,"88% of the 2,796 user reviews in the last 30 days are positive.",DDNet Team,DDNet Team,2020-08-17,2796,88.0,3.281315,8.585,1,0,0,0,0,0,0,0,1,0,1,0,0,0,1,0,0,0,0,0,0
171.0,MapleStory,8553,11023,4606462,"Action,Adventure,Casual,Massively Multiplayer,RPG,Free To Play",0.0,0,64% of the 130 user reviews in the last 30 days are positive.,NEXON Korea Corporation,Nexon America Inc.,2012-08-09,130,64.0,4.606462,8.553,1,1,0,0,1,0,0,0,1,0,0,1,0,1,0,0,0,0,0,0,0
172.0,Supermarket Together,8450,15735,6019890,"Casual,Indie,Simulation,Free To Play",0.0,0,"97% of the 12,856 user reviews in the last 30 days are positive.",DeadDevsTellNoLies,DeadDevsTellNoLies,2024-08-09,12856,97.0,6.01989,8.45,0,0,0,0,1,0,0,0,1,0,1,0,0,0,0,1,0,0,0,0,0
174.0,Grounded,8184,9850,2503561,"Action,Adventure",19.99,-50,93% of the 932 user reviews in the last 30 days are positive.,Obsidian Entertainment,Xbox Game Studios,2020-07-28,932,93.0,2.503561,8.184,1,1,0,0,0,0,0,0,0,0,0,0,0,0,0,0,0,0,0,0,0
175.0,Party Animals,7819,10815,2583981,"Action,Casual,Indie",11.99,-40,"90% of the 1,380 user reviews in the last 30 days are positive.",Recreate Games,Source Technology,2023-09-20,1380,90.0,2.583981,7.819,1,0,0,0,1,0,0,0,0,0,1,0,0,0,0,0,0,0,0,0,0
176.0,TEKKEN 8,7770,8260,4248544,Action,34.99,-50,"70% of the 23,075 user reviews for this game are positive.",Bandai Namco Studios Inc.,Bandai Namco EntertainmentFranchise:TEKKEN,2024-01-25,23075,70.0,4.248544,7.77,1,0,0,0,0,0,0,0,0,0,0,0,0,0,0,0,0,0,0,0,0
177.0,Kingdom Come: Deliverance,7701,8204,3032703,"Action,Adventure,RPG",2.99,-90,"85% of the 1,508 user reviews in the last 30 days are positive.",Warhorse Studios,"Warhorse Studios,Prime MatterFranchise:Kingdom Come,Warhorse Studios,Prime Matter",2018-02-13,1508,85.0,3.032703,7.701,1,1,0,0,0,0,0,0,0,0,0,0,0,1,0,0,0,0,0,0,0
178.0,TCG Card Shop Simulator,7687,25419,9191128,"Simulation,Early Access",12.99,0,"98% of the 7,761 user reviews in the last 30 days are positive.",OPNeon Games,OPNeon Games,2024-09-15,7761,98.0,9.191128,7.687,0,0,0,0,0,0,1,0,0,0,0,0,0,0,0,1,0,0,0,0,0
179.0,ASTRONEER,7672,15179,3226575,"Adventure,Indie",9.89,-67,"91% of the 2,209 user reviews in the last 30 days are positive.",System Era Softworks,System Era Softworks,2016-12-16,2209,91.0,3.226575,7.672,0,1,0,0,0,0,0,0,0,0,1,0,0,0,0,0,0,0,0,0,0
180.0,Aimlabs,7511,10493,4072837,"Action,Adventure,Casual,Indie,Simulation,Free To Play",2.99,-25,"84% of the 1,535 user reviews in the last 30 days are positive.","State Space Labs, Inc.","State Space Labs, Inc.",2018-02-07,1535,84.0,4.072837,7.511,1,1,0,0,1,0,0,0,1,0,1,0,0,0,0,1,0,0,0,0,0
181.0,Astral Party,7483,8666,1387588,"Casual,Indie,RPG,Strategy",0.0,0,"74% of the 1,606 user reviews in the last 30 days are positive.",STAR ENGINE PROJECT,Neverland Entertainment,2024-02-28,1606,74.0,1.387588,7.483,0,0,0,0,1,0,0,0,0,0,1,0,0,1,0,0,0,0,1,0,0
182.0,Escape the Backrooms,7471,8387,1753075,"Indie,Early Access",7.99,-20,"90% of the 2,085 user reviews in the last 30 days are positive.",Fancy Games,Fancy Games,2022-08-11,2085,90.0,1.753075,7.471,0,0,0,0,0,0,1,0,0,0,1,0,0,0,0,0,0,0,0,0,0
183.0,SCP: Secret Laboratory,7468,9070,3391768,"Action,Free To Play",0.0,0,"92% of the 2,737 user reviews in the last 30 days are positive.",Northwood Studios,Northwood Studios,2017-12-29,2737,92.0,3.391768,7.468,1,0,0,0,0,0,0,0,1,0,0,0,0,0,0,0,0,0,0,0,0
184.0,Wandering Sword,7460,15377,3862211,"Adventure,Indie,RPG,Strategy",21.24,-15,"96% of the 2,523 user reviews in the last 30 days are positive.",The Swordman Studio,Spiral Up GamesFranchise:Spiral Up Games,2023-09-14,2523,96.0,3.862211,7.46,0,1,0,0,0,0,0,0,0,0,1,0,0,1,0,0,0,0,1,0,0
185.0,Revolution Idle,7438,8995,3844735,"Casual,Indie,Simulation,Free To Play,Early Access",0.0,0,87% of the 647 user reviews in the last 30 days are positive.,"Oni Gaming,Nu Games",Oni Gaming,2024-10-11,647,87.0,3.844735,7.438,0,0,0,0,1,0,1,0,1,0,1,0,0,0,0,1,0,0,0,0,0
186.0,DARK SOULS™ III,7359,7359,3009908,Action,29.99,-50,"94% of the 1,319 user reviews in the last 30 days are positive.","FromSoftware, Inc.","FromSoftware, Inc.,Bandai Namco EntertainmentFranchise:Dark Souls",2016-04-11,1319,94.0,3.009908,7.359,1,0,0,0,0,0,0,0,0,0,0,0,0,0,0,0,0,0,0,0,0
187.0,Risk of Rain 2,7305,9877,4569530,"Action,Indie",8.24,-67,"92% of the 2,113 user reviews in the last 30 days are positive.",Hopoo Games,Gearbox PublishingFranchise:Risk of Rain,2019-03-28,2113,92.0,4.56953,7.305,1,0,0,0,0,0,0,0,0,0,1,0,0,0,0,0,0,0,0,0,0
188.0,Human Fall Flat,7257,7257,1219668,"Adventure,Casual,Indie,Simulation",5.99,-70,"96% of the 1,499 user reviews in the last 30 days are positive.",No Brakes Games,Curve GamesFranchise:Curve Games,2016-07-22,1499,96.0,1.219668,7.257,0,1,0,0,1,0,0,0,0,0,1,0,0,0,0,1,0,0,0,0,0
189.0,DAVE THE DIVER,7188,12856,3398052,"Adventure,Casual,RPG,Simulation",13.99,-30,"97% of the 2,756 user reviews in the last 30 days are positive.",MINTROCKET,MINTROCKET,2022-10-26,2756,97.0,3.398052,7.188,0,1,0,0,1,0,0,0,0,0,0,0,0,1,0,1,0,0,0,0,0
190.0,Total War: THREE KINGDOMS,7168,8496,2952696,"Action,Strategy",20.39,-66,81% of the 212 user reviews in the last 30 days are positive.,"CREATIVE ASSEMBLY,Feral Interactive (Mac),Feral Interactive (Linux)","SEGA,Feral Interactive (Mac),Feral Interactive (Linux)Franchise:Total War",2019-05-23,212,81.0,2.952696,7.168,1,0,0,0,0,0,0,0,0,0,0,0,0,0,0,0,0,0,1,0,0
191.0,Soulmask,7084,7084,1692608,"Adventure,Indie,Massively Multiplayer,RPG,Simulation,Early Access",23.99,-20,87% of the 577 user reviews in the last 30 days are positive.,CampFire Studio,Qooland Games,2024-05-30,577,87.0,1.692608,7.084,0,1,0,0,0,0,1,0,0,0,1,1,0,1,0,1,0,0,0,0,0
192.0,Vampire Survivors,7048,19673,6647227,"Action,Casual,Indie,RPG",3.74,-25,"98% of the 4,623 user reviews in the last 30 days are positive.",poncle,poncle,2021-12-17,4623,98.0,6.647227,7.048,1,0,0,0,1,0,0,0,0,0,1,0,0,1,0,0,0,0,0,0,0
193.0,Borderlands 3,7016,10436,3487327,"Action,RPG",5.99,-90,"87% of the 1,043 user reviews in the last 30 days are positive.",Gearbox Software,2KFranchise:Borderlands,2020-03-13,1043,87.0,3.487327,7.016,1,0,0,0,0,0,0,0,0,0,0,0,0,1,0,0,0,0,0,0,0
194.0,Sea of Thieves,6885,13844,4196126,"Action,Adventure",19.99,-50,"87% of the 2,201 user reviews in the last 30 days are positive.",Rare Ltd,Xbox Game Studios,2020-06-03,2201,87.0,4.196126,6.885,1,1,0,0,0,0,0,0,0,0,0,0,0,0,0,0,0,0,0,0,0
195.0,Fallout 76,6879,14486,5368826,RPG,9.99,-75,82% of the 949 user reviews in the last 30 days are positive.,Bethesda Game Studios,Bethesda SoftworksFranchise:Fallout,2020-04-14,949,82.0,5.368826,6.879,0,0,0,0,0,0,0,0,0,0,0,0,0,1,0,0,0,0,0,0,0
196.0,Chained Together,6879,6879,1439919,"Adventure,Casual,Indie,Simulation",4.49,-10,"96% of the 6,479 user reviews in the last 30 days are positive.",Anegar Games,Anegar Games,2024-06-19,6479,96.0,1.439919,6.879,0,1,0,0,1,0,0,0,0,0,1,0,0,0,0,1,0,0,0,0,0
197.0,HITMAN World of Assassination,6875,6942,1852106,"Action,Adventure",2.99,-90,"88% of the 1,125 user reviews in the last 30 days are positive.",IO Interactive A/S,"IO Interactive A/SFranchise:HITMAN,Hitman",2022-01-20,1125,88.0,1.852106,6.875,1,1,0,0,0,0,0,0,0,0,0,0,0,0,0,0,0,0,0,0,0
198.0,Far Cry 5,6872,6872,1624998,"Action,Adventure",5.99,-90,"83% of the 1,191 user reviews in the last 30 days are positive.","Ubisoft Montreal,Red Storm,Ubisoft Shanghai,Ubisoft Toronto,Ubisoft Kiev",UbisoftFranchise:Far Cry,2018-03-26,1191,83.0,1.624998,6.872,1,1,0,0,0,0,0,0,0,0,0,0,0,0,0,0,0,0,0,0,0
199.0,House Flipper,6872,6872,1425608,"Indie,Simulation",2.49,-90,95% of the 571 user reviews in the last 30 days are positive.,Empyrean,"Frozen District,PlayWay S.A.Franchise:House Flipper",2018-05-17,571,95.0,1.425608,6.872,0,0,0,0,0,0,0,0,0,0,1,0,0,0,0,1,0,0,0,0,0
200.0,Conan Exiles,6738,13868,5483292,"Action,Adventure,Massively Multiplayer,RPG,Simulation,Strategy",9.99,-75,78% of the 492 user reviews in the last 30 days are positive.,Funcom,FuncomFranchise:Conan,2018-05-08,492,78.0,5.483292,6.738,1,1,0,0,0,0,0,0,0,0,0,1,0,1,0,1,0,0,1,0,0
